type,item_name,live_qty,reserved_qty
Control,7-Segment Display Module,40,0
Control,Arduino Leonardo,20,0
Control,Arduino Mega 2560,18,0
Control,Arduino Micro,10,0
Control,Arduino Nano,18,0
Control,Arduino Uno R3,60,0
Control,Bluetooth Module HC-05,20,0
Control,CAN Bus Module MCP2515,6,0
Control,ESP32 Dev Board,12,0
Control,ESP8266 NodeMCU,12,0
Control,Fan Controller Module,50,0
Control,IR Receiver Module,60,0
Control,Joystick Module,12,0
Control,Keypad 4x4 Matrix,20,0
Control,LCD Display 16x2,60,0
Control,LCD Display 20x4,18,0
Control,Logic Level Converter,10,0
Control,Motor Driver L298N,30,0
Control,Motor Driver TB6612FNG,20,0
Control,OLED Display 0.96in,25,0
Control,PLC Training Module,5,0
Control,Power Distribution Board,20,0
Control,RF Transmitter Receiver 433MHz,25,0
Control,RTC Module DS3231,12,0
Control,Raspberry Pi 4 Model B,5,0
Control,Raspberry Pi Pico,5,0
Control,Raspberry Pi Zero W,8,0
Control,Relay Driver Board,25,0
Control,Rotary Encoder Module,15,0
Control,SD Card Module,50,0
Control,STM32 Blue Pill,40,0
Control,Servo Driver PCA9685,60,0
Control,Stepper Motor Driver A4988,20,0
Control,Stepper Motor Driver DRV8825,15,0
Control,Teensy 4.0,60,0
Control,WiFi Module ESP-01,20,0
Electrical,Alligator Clip Lead,18,0
Electrical,Anti-Static Wrist Strap,18,0
Electrical,Battery Holder 4xAA,30,0
Electrical,Breadboard Full Size,60,0
Electrical,Breadboard Half Size,18,0
Electrical,Buzzer 5V Active,15,0
Electrical,Capacitor 100nF,18,0
Electrical,Capacitor 100uF,25,0
Electrical,Capacitor 10uF,30,0
Electrical,Capacitor 1uF,60,0
Electrical,Capacitor 220nF,6,0
Electrical,Capacitor 470uF,50,0
Electrical,Ceramic Capacitor 22pF,60,0
Electrical,Crocodile Test Lead Set,25,0
Electrical,DC Barrel Jack Connector,20,0
Electrical,DC Power Supply 12V 3A,40,0
Electrical,DC Power Supply 5V 2A,8,0
Electrical,DIP Switch 4-position,60,0
Electrical,Diode 1N4007,60,0
Electrical,Diode 1N4148,20,0
Electrical,Electrolytic Capacitor 1000uF,60,0
Electrical,Female Header Pin 40-way,60,0
Electrical,Fuse 1A Glass,12,0
Electrical,Fuse 2A Glass,5,0
Electrical,Fuse Holder Inline,50,0
Electrical,Heat Shrink Tube Assorted,15,0
Electrical,Jumper Wire F-F 20cm,40,0
Electrical,Jumper Wire M-F 20cm,25,0
Electrical,Jumper Wire M-M 20cm,50,0
Electrical,LED Blue 5mm,5,0
Electrical,LED Green 5mm,10,0
Electrical,LED Red 5mm,20,0
Electrical,LED Yellow 5mm,30,0
Electrical,Li-Ion 18650 Battery,50,0
Electrical,Li-Po Battery 7.4V 2200mAh,50,0
Electrical,MOSFET IRF520,6,0
Electrical,MOSFET IRFZ44N,20,0
Electrical,Male Header Pin 40-way,30,0
Electrical,Multimeter Probe Set,12,0
Electrical,Perfboard 5x7cm,50,0
Electrical,Piezo Buzzer Passive,15,0
Electrical,Potentiometer 100K,15,0
Electrical,Potentiometer 10K,12,0
Electrical,Prototype Shield,30,0
Electrical,Push Button 12mm,15,0
Electrical,RGB LED Common Cathode,6,0
Electrical,Relay 12V SPDT,40,0
Electrical,Relay 5V SPDT,5,0
Electrical,Relay Module 2-Channel,20,0
Electrical,Relay Module 4-Channel,40,0
Electrical,Resistor 100K,25,0
Electrical,Resistor 100R,6,0
Electrical,Resistor 10K,30,0
Electrical,Resistor 1K,40,0
Electrical,Resistor 2.2K,6,0
Electrical,Resistor 220R,15,0
Electrical,Resistor 22R,25,0
Electrical,Resistor 330R,25,0
Electrical,Resistor 4.7K,10,0
Electrical,Resistor 470R,25,0
Electrical,Resistor 47K,30,0
Electrical,Resistor 68K,20,0
Electrical,Ribbon Cable 10-way,6,0
Electrical,Rocker Switch,18,0
Electrical,Schottky Diode 1N5819,30,0
Electrical,Screw Terminal Shield,20,0
Electrical,Slide Switch,25,0
Electrical,Solder Wire 60/40,6,0
Electrical,Step-Down Converter Buck,6,0
Electrical,Step-Up Converter Boost,18,0
Electrical,Tactile Button 6mm,18,0
Electrical,Terminal Block 2-pin,25,0
Electrical,Terminal Block 3-pin,25,0
Electrical,Toggle Switch SPST,10,0
Electrical,Transistor 2N2222,6,0
Electrical,Transistor BC547,12,0
Electrical,Trimmer Potentiometer 5K,15,0
Electrical,USB Cable Type-A to C,12,0
Electrical,USB Cable Type-A to Micro,12,0
Electrical,Voltage Regulator 7805,20,0
Electrical,Voltage Regulator LM317,18,0
Electrical,Zener Diode 5.1V,60,0
Mechanical,3D Printed Bracket L-Shape,60,0
Mechanical,Aluminum Extrusion 2020 1m,20,0
Mechanical,Aluminum Extrusion 2040 1m,8,0
Mechanical,Ball Joint Rod End,40,0
Mechanical,Bearing 6001ZZ,60,0
Mechanical,Bearing 608ZZ,50,0
Mechanical,Bearing 6202ZZ,25,0
Mechanical,Bearing 625ZZ,12,0
Mechanical,Cable Tie Assorted (pack of 50),25,0
Mechanical,Caster Wheel Ball,30,0
Mechanical,Chassis Kit 2WD,60,0
Mechanical,Chassis Kit 4WD,10,0
Mechanical,Coupling Flexible 5-8mm,6,0
Mechanical,DC Gear Motor 12V,5,0
Mechanical,DC Gear Motor 6V,6,0
Mechanical,Flange Coupling 8mm,15,0
Mechanical,Gripper Claw Kit,6,0
Mechanical,Hex Bolt M3x10 (pack of 20),20,0
Mechanical,Hex Bolt M4x16 (pack of 20),15,0
Mechanical,Hex Bolt M5x20 (pack of 20),6,0
Mechanical,Hex Nut M3 (pack of 20),10,0
Mechanical,Hex Nut M4 (pack of 20),50,0
Mechanical,Idler Pulley Kit,40,0
Mechanical,Lead Screw T8 300mm,40,0
Mechanical,Linear Bearing LM8UU,12,0
Mechanical,Motor Mount Bracket,60,0
Mechanical,Robotic Arm Bracket Set,10,0
Mechanical,Screw Set Assorted,8,0
Mechanical,Servo Motor MG996R,5,0
Mechanical,Servo Motor SG90,20,0
Mechanical,Shaft Coupler 5mm-5mm,30,0
Mechanical,Spring Compression Assorted,5,0
Mechanical,Stepper Motor NEMA17,20,0
Mechanical,Stepper Motor NEMA23,30,0
Mechanical,Threaded Rod M8 300mm,12,0
Mechanical,Timing Belt GT2 1m,18,0
Mechanical,Timing Pulley GT2 20T,50,0
Mechanical,Timing Pulley GT2 60T,20,0
Mechanical,Washer M4 (pack of 20),18,0
Mechanical,Wheel Omni 58mm,6,0
Mechanical,Wheel Rubber 65mm,25,0
Sensor,Accelerometer MPU6050,5,0
Sensor,Ambient Light Sensor BH1750,40,0
Sensor,Barometric Pressure Sensor BMP280,50,0
Sensor,CO2 Sensor MH-Z19,25,0
Sensor,Camera Module OV7670,20,0
Sensor,Color Sensor TCS3200,40,0
Sensor,Compass Sensor HMC5883L,60,0
Sensor,Current Sensor ACS712,18,0
Sensor,Distance Sensor Sharp IR,25,0
Sensor,Encoder Rotary Incremental,12,0
Sensor,Flame Sensor Module,6,0
Sensor,Force Sensitive Resistor,50,0
Sensor,GPS Module NEO-6M,8,0
Sensor,Gas Sensor MQ-135,10,0
Sensor,Gas Sensor MQ-2,30,0
Sensor,Gyroscope MPU6050,50,0
Sensor,Hall Effect Sensor,20,0
Sensor,IMU 9-Axis BNO055,25,0
Sensor,IR Obstacle Sensor,20,0
Sensor,Light Sensor LDR,60,0
Sensor,Limit Switch Micro,25,0
Sensor,Line Follower Sensor Array,10,0
Sensor,Load Cell 5kg,50,0
Sensor,Load Cell Amplifier HX711,30,0
Sensor,PIR Motion Sensor,25,0
Sensor,Photointerrupter Slotted,18,0
Sensor,Proximity Sensor Inductive,6,0
Sensor,Rain Drop Sensor,40,0
Sensor,Soil Moisture Sensor,50,0
Sensor,Sound Sensor Module,8,0
Sensor,Temperature & Humidity Sensor DHT11,5,0
Sensor,Temperature & Humidity Sensor DHT22,60,0
Sensor,Temperature Sensor DS18B20,25,0
Sensor,Touch Sensor TTP223,40,0
Sensor,UV Sensor GUVA-S12SD,12,0
Sensor,Ultrasonic Sensor HC-SR04,30,0
Sensor,Ultrasonic Sensor JSN-SR04T,20,0
Sensor,Vibration Sensor SW-420,40,0
Sensor,Voltage Sensor Module,20,0
Sensor,Water Flow Sensor,20,0
Sensor,pH Sensor Module,25,0
